channelGrouping;date;device.browser;device.browserVersion;device.browserSize;device.operatingSystem;device.operatingSystemVersion;device.isMobile;device.mobileDeviceBranding;device.mobileDeviceModel;device.mobileInputSelector;device.mobileDeviceInfo;device.mobileDeviceMarketingName;device.flashVersion;device.language;device.screenColors;device.screenResolution;device.deviceCategory;fullVisitorId;geoNetwork.continent;geoNetwork.subContinent;geoNetwork.country;geoNetwork.region;geoNetwork.metro;geoNetwork.city;geoNetwork.cityId;geoNetwork.networkDomain;geoNetwork.latitude;geoNetwork.longitude;geoNetwork.networkLocation;sessionId;socialEngagementType;totals.visits;totals.hits;totals.pageviews;totals.transactionRevenue;totals.newVisits;trafficSource.campaign;trafficSource.source;trafficSource.medium;trafficSource.keyword;trafficSource.adwordsClickInfo.criteriaParameters;trafficSource.isTrueDirect;visitId;visitNumber;visitStartTime
Organic Search;20171127;Chrome;not available in demo dataset;not available in demo dataset;Macintosh;not available in demo dataset;FALSO;not available in demo dataset;not available in demo dataset;not available in demo dataset;not available in demo dataset;not available in demo dataset;not available in demo dataset;not available in demo dataset;not available in demo dataset;not available in demo dataset;desktop;5131114589875530000;Americas;Northern America;United States;Texas;Austin TX;Austin;not available in demo dataset;(not set);not available in demo dataset;not available in demo dataset;not available in demo dataset;5131114589875527211_1511815251;Not Socially Engaged;1;99;81;;0;(not set);google;organic;(not provided);not available in demo dataset;VERDADERO;1511815251;6;1511815251
Organic Search;20180227;Chrome;not available in demo dataset;not available in demo dataset;Windows;not available in demo dataset;FALSO;not available in demo dataset;not available in demo dataset;not available in demo dataset;not available in demo dataset;not available in demo dataset;not available in demo dataset;not available in demo dataset;not available in demo dataset;not available in demo dataset;desktop;415858110988350000;Europe;Southern Europe;Spain;not available in demo dataset;not available in demo dataset;not available in demo dataset;not available in demo dataset;jazztel.es;not available in demo dataset;not available in demo dataset;not available in demo dataset;0415858110988350288_1519723280;Not Socially Engaged;1;99;74;;0;(not set);google;organic;(not provided);not available in demo dataset;VERDADERO;1519723280;17;1519723280
Referral;20170807;Chrome;not available in demo dataset;not available in demo dataset;Linux;not available in demo dataset;FALSO;not available in demo dataset;not available in demo dataset;not available in demo dataset;not available in demo dataset;not available in demo dataset;not available in demo dataset;not available in demo dataset;not available in demo dataset;not available in demo dataset;desktop;7773556214270510000;Americas;Northern America;United States;California;San Francisco-Oakland-San Jose CA;Milpitas;not available in demo dataset;(not set);not available in demo dataset;not available in demo dataset;not available in demo dataset;7773556214270509459_1502168554;Not Socially Engaged;1;99;74;;1;(not set);mall.googleplex.com;referral;(not provided);not available in demo dataset;FALSO;1502168554;1;1502168554
Referral;20171127;Chrome;not available in demo dataset;not available in demo dataset;Macintosh;not available in demo dataset;FALSO;not available in demo dataset;not available in demo dataset;not available in demo dataset;not available in demo dataset;not available in demo dataset;not available in demo dataset;not available in demo dataset;not available in demo dataset;not available in demo dataset;desktop;1265293765829210000;Asia;Eastern Asia;Taiwan;California;San Francisco-Oakland-San Jose CA;Mountain View;not available in demo dataset;kbronet.com.tw;not available in demo dataset;not available in demo dataset;not available in demo dataset;1265293765829214182_1511828869;Not Socially Engaged;1;99;70;;0;(not set);mall.googleplex.com;referral;(not provided);not available in demo dataset;FALSO;1511828869;4;1511828869
Direct;20171003;Chrome;not available in demo dataset;not available in demo dataset;Windows;not available in demo dataset;FALSO;not available in demo dataset;not available in demo dataset;not available in demo dataset;not available in demo dataset;not available in demo dataset;not available in demo dataset;not available in demo dataset;not available in demo dataset;not available in demo dataset;desktop;7449847015353820000;Americas;Northern America;United States;Washington;Seattle-Tacoma WA;Seattle;not available in demo dataset;qwest.net;not available in demo dataset;not available in demo dataset;not available in demo dataset;7449847015353820013_1507059316;Not Socially Engaged;1;99;70;;0;(not set);(direct);(none);(not provided);not available in demo dataset;VERDADERO;1507059316;3;1507059316
Organic Search;20171021;Chrome;not available in demo dataset;not available in demo dataset;Windows;not available in demo dataset;FALSO;not available in demo dataset;not available in demo dataset;not available in demo dataset;not available in demo dataset;not available in demo dataset;not available in demo dataset;not available in demo dataset;not available in demo dataset;not available in demo dataset;desktop;8974783950346350000;Americas;Northern America;Canada;not available in demo dataset;not available in demo dataset;not available in demo dataset;not available in demo dataset;teksavvy.com;not available in demo dataset;not available in demo dataset;not available in demo dataset;8974783950346351261_1508644186;Not Socially Engaged;1;99;69;;1;(not set);google;organic;(not provided);not available in demo dataset;FALSO;1508644186;1;1508644186
Referral;20171124;Chrome;not available in demo dataset;not available in demo dataset;Windows;not available in demo dataset;FALSO;not available in demo dataset;not available in demo dataset;not available in demo dataset;not available in demo dataset;not available in demo dataset;not available in demo dataset;not available in demo dataset;not available in demo dataset;not available in demo dataset;desktop;484855810160253000;Americas;Northern America;United States;not available in demo dataset;not available in demo dataset;not available in demo dataset;not available in demo dataset;verizon.net;not available in demo dataset;not available in demo dataset;not available in demo dataset;0484855810160252629_1511561676;Not Socially Engaged;1;99;68;;1;(not set);mall.googleplex.com;referral;(not provided);not available in demo dataset;FALSO;1511561676;1;1511561676
Direct;20171029;Chrome;not available in demo dataset;not available in demo dataset;Windows;not available in demo dataset;FALSO;not available in demo dataset;not available in demo dataset;not available in demo dataset;not available in demo dataset;not available in demo dataset;not available in demo dataset;not available in demo dataset;not available in demo dataset;not available in demo dataset;desktop;860200989617658000;Americas;Northern America;United States;not available in demo dataset;not available in demo dataset;not available in demo dataset;not available in demo dataset;(not set);not available in demo dataset;not available in demo dataset;not available in demo dataset;0860200989617658481_1509333574;Not Socially Engaged;1;99;66;;0;(not set);(direct);(none);(not provided);not available in demo dataset;VERDADERO;1509333574;9;1509333574
Referral;20171221;Chrome;not available in demo dataset;not available in demo dataset;Macintosh;not available in demo dataset;FALSO;not available in demo dataset;not available in demo dataset;not available in demo dataset;not available in demo dataset;not available in demo dataset;not available in demo dataset;not available in demo dataset;not available in demo dataset;not available in demo dataset;desktop;5866333293760070000;Americas;Northern America;United States;California;San Francisco-Oakland-San Jose CA;Mountain View;not available in demo dataset;(not set);not available in demo dataset;not available in demo dataset;not available in demo dataset;5866333293760070498_1513912774;Not Socially Engaged;1;99;63;;1;(not set);mall.googleplex.com;referral;(not provided);not available in demo dataset;FALSO;1513912774;1;1513912774
Referral;20171031;Chrome;not available in demo dataset;not available in demo dataset;Macintosh;not available in demo dataset;FALSO;not available in demo dataset;not available in demo dataset;not available in demo dataset;not available in demo dataset;not available in demo dataset;not available in demo dataset;not available in demo dataset;not available in demo dataset;not available in demo dataset;desktop;6146991330288870000;Americas;Northern America;United States;California;San Francisco-Oakland-San Jose CA;Mountain View;not available in demo dataset;(not set);not available in demo dataset;not available in demo dataset;not available in demo dataset;6146991330288873551_1509481820;Not Socially Engaged;1;99;62;;0;(not set);mall.googleplex.com;referral;(not provided);not available in demo dataset;VERDADERO;1509481820;3;1509481820
Direct;20180426;Chrome;not available in demo dataset;not available in demo dataset;Macintosh;not available in demo dataset;FALSO;not available in demo dataset;not available in demo dataset;not available in demo dataset;not available in demo dataset;not available in demo dataset;not available in demo dataset;not available in demo dataset;not available in demo dataset;not available in demo dataset;desktop;2097848786360750000;Asia;Eastern Asia;Japan;Tokyo;JP_KANTO;Chiyoda;not available in demo dataset;homes.co.jp;not available in demo dataset;not available in demo dataset;not available in demo dataset;2097848786360746138_1524790951;Not Socially Engaged;1;99;62;;1;(not set);(direct);(none);(not provided);not available in demo dataset;VERDADERO;1524790951;1;1524790951
Organic Search;20170908;Chrome;not available in demo dataset;not available in demo dataset;Chrome OS;not available in demo dataset;FALSO;not available in demo dataset;not available in demo dataset;not available in demo dataset;not available in demo dataset;not available in demo dataset;not available in demo dataset;not available in demo dataset;not available in demo dataset;not available in demo dataset;desktop;2845557916700890000;Americas;Northern America;Canada;not available in demo dataset;not available in demo dataset;not available in demo dataset;not available in demo dataset;bell.ca;not available in demo dataset;not available in demo dataset;not available in demo dataset;2845557916700892019_1504895423;Not Socially Engaged;1;99;61;;1;(not set);google;organic;(not provided);not available in demo dataset;FALSO;1504895423;1;1504895423
Referral;20171024;Chrome;not available in demo dataset;not available in demo dataset;Chrome OS;not available in demo dataset;FALSO;not available in demo dataset;not available in demo dataset;not available in demo dataset;not available in demo dataset;not available in demo dataset;not available in demo dataset;not available in demo dataset;not available in demo dataset;not available in demo dataset;desktop;198277913856728000;Americas;Northern America;United States;California;San Francisco-Oakland-San Jose CA;San Jose;not available in demo dataset;(not set);not available in demo dataset;not available in demo dataset;not available in demo dataset;198277913856727505_1508877417;Not Socially Engaged;1;99;61;;1;(not set);mall.googleplex.com;referral;(not provided);not available in demo dataset;FALSO;1508877417;1;1508877417
Organic Search;20171108;Chrome;not available in demo dataset;not available in demo dataset;Windows;not available in demo dataset;FALSO;not available in demo dataset;not available in demo dataset;not available in demo dataset;not available in demo dataset;not available in demo dataset;not available in demo dataset;not available in demo dataset;not available in demo dataset;not available in demo dataset;desktop;3252733342106920000;Americas;Northern America;United States;not available in demo dataset;not available in demo dataset;not available in demo dataset;not available in demo dataset;wideopenwest.com;not available in demo dataset;not available in demo dataset;not available in demo dataset;3252733342106918413_1510158547;Not Socially Engaged;1;99;60;;1;(not set);google;organic;(not provided);not available in demo dataset;FALSO;1510158547;1;1510158547
Referral;20171010;Chrome;not available in demo dataset;not available in demo dataset;Macintosh;not available in demo dataset;FALSO;not available in demo dataset;not available in demo dataset;not available in demo dataset;not available in demo dataset;not available in demo dataset;not available in demo dataset;not available in demo dataset;not available in demo dataset;not available in demo dataset;desktop;177938347650859000;Americas;Northern America;United States;not available in demo dataset;not available in demo dataset;not available in demo dataset;not available in demo dataset;bhn.net;not available in demo dataset;not available in demo dataset;not available in demo dataset;177938347650859102_1507652150;Not Socially Engaged;1;99;57;;0;(not set);mall.googleplex.com;referral;(not provided);not available in demo dataset;VERDADERO;1507652150;3;1507652150
Direct;20170830;Chrome;not available in demo dataset;not available in demo dataset;Macintosh;not available in demo dataset;FALSO;not available in demo dataset;not available in demo dataset;not available in demo dataset;not available in demo dataset;not available in demo dataset;not available in demo dataset;not available in demo dataset;not available in demo dataset;not available in demo dataset;desktop;5136946392567650000;Americas;Northern America;United States;California;San Francisco-Oakland-San Jose CA;Mountain View;not available in demo dataset;(not set);not available in demo dataset;not available in demo dataset;not available in demo dataset;5136946392567649854_1504124832;Not Socially Engaged;1;99;57;;0;(not set);(direct);(none);(not provided);not available in demo dataset;VERDADERO;1504124832;2;1504124832
Organic Search;20180223;Chrome;not available in demo dataset;not available in demo dataset;Android;not available in demo dataset;VERDADERO;not available in demo dataset;not available in demo dataset;not available in demo dataset;not available in demo dataset;not available in demo dataset;not available in demo dataset;not available in demo dataset;not available in demo dataset;not available in demo dataset;mobile;8736951192346840000;Europe;Southern Europe;Italy;not available in demo dataset;not available in demo dataset;not available in demo dataset;not available in demo dataset;fastwebnet.it;not available in demo dataset;not available in demo dataset;not available in demo dataset;8736951192346840359_1519427451;Not Socially Engaged;1;99;54;;1;(not set);google;organic;(not provided);not available in demo dataset;FALSO;1519427451;1;1519427451
Organic Search;20180414;Chrome;not available in demo dataset;not available in demo dataset;Android;not available in demo dataset;VERDADERO;not available in demo dataset;not available in demo dataset;not available in demo dataset;not available in demo dataset;not available in demo dataset;not available in demo dataset;not available in demo dataset;not available in demo dataset;not available in demo dataset;mobile;9669016859482960000;Asia;Southern Asia;India;Maharashtra;(not set);Pune;not available in demo dataset;unknown.unknown;not available in demo dataset;not available in demo dataset;not available in demo dataset;9669016859482956438_1523707897;Not Socially Engaged;1;99;35;;1;(not set);google;organic;(not provided);not available in demo dataset;FALSO;1523707897;1;1523707897
Organic Search;20180421;Chrome;not available in demo dataset;not available in demo dataset;Windows;not available in demo dataset;FALSO;not available in demo dataset;not available in demo dataset;not available in demo dataset;not available in demo dataset;not available in demo dataset;not available in demo dataset;not available in demo dataset;not available in demo dataset;not available in demo dataset;desktop;1705359464846280000;Asia;Eastern Asia;China;not available in demo dataset;not available in demo dataset;not available in demo dataset;not available in demo dataset;unknown.unknown;not available in demo dataset;not available in demo dataset;not available in demo dataset;1705359464846276744_1524359659;Not Socially Engaged;1;98;87;;1;(not set);google;organic;(not provided);not available in demo dataset;FALSO;1524359659;1;1524359659
Organic Search;20171126;Safari;not available in demo dataset;not available in demo dataset;iOS;not available in demo dataset;VERDADERO;not available in demo dataset;not available in demo dataset;not available in demo dataset;not available in demo dataset;not available in demo dataset;not available in demo dataset;not available in demo dataset;not available in demo dataset;not available in demo dataset;tablet;9549089852095380000;Americas;Northern America;United States;not available in demo dataset;not available in demo dataset;not available in demo dataset;not available in demo dataset;(not set);not available in demo dataset;not available in demo dataset;not available in demo dataset;9549089852095378957_1511742386;Not Socially Engaged;1;98;78;;0;(not set);google;organic;(not provided);not available in demo dataset;VERDADERO;1511742386;4;1511742386
Organic Search;20180303;Chrome;not available in demo dataset;not available in demo dataset;Android;not available in demo dataset;VERDADERO;not available in demo dataset;not available in demo dataset;not available in demo dataset;not available in demo dataset;not available in demo dataset;not available in demo dataset;not available in demo dataset;not available in demo dataset;not available in demo dataset;mobile;7375330898831200000;Asia;Southern Asia;India;Tamil Nadu;(not set);Chennai;not available in demo dataset;unknown.unknown;not available in demo dataset;not available in demo dataset;not available in demo dataset;7375330898831202298_1520090320;Not Socially Engaged;1;98;70;;0;(not set);google;organic;(not provided);not available in demo dataset;VERDADERO;1520090320;4;1520090320
Organic Search;20171012;Chrome;not available in demo dataset;not available in demo dataset;Windows;not available in demo dataset;FALSO;not available in demo dataset;not available in demo dataset;not available in demo dataset;not available in demo dataset;not available in demo dataset;not available in demo dataset;not available in demo dataset;not available in demo dataset;not available in demo dataset;desktop;3432008561178230000;Americas;Northern America;United States;not available in demo dataset;not available in demo dataset;not available in demo dataset;not available in demo dataset;comcast.net;not available in demo dataset;not available in demo dataset;not available in demo dataset;3432008561178225237_1507866311;Not Socially Engaged;1;98;66;;0;(not set);google;organic;(not provided);not available in demo dataset;VERDADERO;1507866311;4;1507866311
Organic Search;20180116;Firefox;not available in demo dataset;not available in demo dataset;Windows;not available in demo dataset;FALSO;not available in demo dataset;not available in demo dataset;not available in demo dataset;not available in demo dataset;not available in demo dataset;not available in demo dataset;not available in demo dataset;not available in demo dataset;not available in demo dataset;desktop;7058734848153270000;Americas;South America;Peru;(not set);(not set);(not set);not available in demo dataset;unknown.unknown;not available in demo dataset;not available in demo dataset;not available in demo dataset;7058734848153265461_1516134139;Not Socially Engaged;1;98;65;;1;(not set);google;organic;(not provided);not available in demo dataset;FALSO;1516134139;1;1516134139
Referral;20171202;Chrome;not available in demo dataset;not available in demo dataset;Linux;not available in demo dataset;FALSO;not available in demo dataset;not available in demo dataset;not available in demo dataset;not available in demo dataset;not available in demo dataset;not available in demo dataset;not available in demo dataset;not available in demo dataset;not available in demo dataset;desktop;208847980247548000;Americas;Northern America;United States;New York;New York NY;New York;not available in demo dataset;verizon.net;not available in demo dataset;not available in demo dataset;not available in demo dataset;208847980247547691_1512263280;Not Socially Engaged;1;98;65;;1;(not set);mall.googleplex.com;referral;(not provided);not available in demo dataset;FALSO;1512263280;1;1512263280
Referral;20180329;Chrome;not available in demo dataset;not available in demo dataset;Chrome OS;not available in demo dataset;FALSO;not available in demo dataset;not available in demo dataset;not available in demo dataset;not available in demo dataset;not available in demo dataset;not available in demo dataset;not available in demo dataset;not available in demo dataset;not available in demo dataset;desktop;5123821857297860000;Americas;Northern America;United States;New York;New York NY;New York;not available in demo dataset;(not set);not available in demo dataset;not available in demo dataset;not available in demo dataset;5123821857297857908_1522366404;Not Socially Engaged;1;98;64;;0;(not set);mall.googleplex.com;referral;(not provided);not available in demo dataset;VERDADERO;1522366404;7;1522366404
Referral;20171027;Chrome;not available in demo dataset;not available in demo dataset;Windows;not available in demo dataset;FALSO;not available in demo dataset;not available in demo dataset;not available in demo dataset;not available in demo dataset;not available in demo dataset;not available in demo dataset;not available in demo dataset;not available in demo dataset;not available in demo dataset;desktop;6351264427170080000;Americas;Northern America;United States;California;San Francisco-Oakland-San Jose CA;Sunnyvale;not available in demo dataset;(not set);not available in demo dataset;not available in demo dataset;not available in demo dataset;6351264427170083706_1509136672;Not Socially Engaged;1;98;61;;0;(not set);mall.googleplex.com;referral;(not provided);not available in demo dataset;VERDADERO;1509136672;3;1509136672
Organic Search;20180310;Safari;not available in demo dataset;not available in demo dataset;iOS;not available in demo dataset;VERDADERO;not available in demo dataset;not available in demo dataset;not available in demo dataset;not available in demo dataset;not available in demo dataset;not available in demo dataset;not available in demo dataset;not available in demo dataset;not available in demo dataset;mobile;7791174708728740000;Americas;Northern America;United States;California;San Francisco-Oakland-San Jose CA;San Francisco;not available in demo dataset;(not set);not available in demo dataset;not available in demo dataset;not available in demo dataset;7791174708728740464_1520702887;Not Socially Engaged;1;98;57;;1;(not set);google;organic;(not provided);not available in demo dataset;FALSO;1520702887;1;1520702887
Referral;20170802;Chrome;not available in demo dataset;not available in demo dataset;Chrome OS;not available in demo dataset;FALSO;not available in demo dataset;not available in demo dataset;not available in demo dataset;not available in demo dataset;not available in demo dataset;not available in demo dataset;not available in demo dataset;not available in demo dataset;not available in demo dataset;desktop;9637359146386110000;Americas;Northern America;United States;Illinois;Chicago IL;Chicago;not available in demo dataset;(not set);not available in demo dataset;not available in demo dataset;not available in demo dataset;9637359146386106126_1501700323;Not Socially Engaged;1;98;56;;0;(not set);mall.googleplex.com;referral;(not provided);not available in demo dataset;VERDADERO;1501700323;10;1501700323
Direct;20180404;Chrome;not available in demo dataset;not available in demo dataset;Windows;not available in demo dataset;FALSO;not available in demo dataset;not available in demo dataset;not available in demo dataset;not available in demo dataset;not available in demo dataset;not available in demo dataset;not available in demo dataset;not available in demo dataset;not available in demo dataset;desktop;3458262726307060000;Americas;Northern America;United States;Virginia;Roanoke-Lynchburg VA;Salem;not available in demo dataset;comcastbusiness.net;not available in demo dataset;not available in demo dataset;not available in demo dataset;3458262726307062747_1522847966;Not Socially Engaged;1;98;56;;0;(not set);(direct);(none);(not provided);not available in demo dataset;VERDADERO;1522847966;5;1522847966
Referral;20170816;Chrome;not available in demo dataset;not available in demo dataset;Macintosh;not available in demo dataset;FALSO;not available in demo dataset;not available in demo dataset;not available in demo dataset;not available in demo dataset;not available in demo dataset;not available in demo dataset;not available in demo dataset;not available in demo dataset;not available in demo dataset;desktop;6437802308243720000;Americas;Northern America;United States;California;San Francisco-Oakland-San Jose CA;Mountain View;not available in demo dataset;(not set);not available in demo dataset;not available in demo dataset;not available in demo dataset;6437802308243720163_1502917216;Not Socially Engaged;1;97;80;;0;(not set);mall.googleplex.com;referral;(not provided);not available in demo dataset;VERDADERO;1502917216;2;1502917216
Organic Search;20180215;Chrome;not available in demo dataset;not available in demo dataset;Macintosh;not available in demo dataset;FALSO;not available in demo dataset;not available in demo dataset;not available in demo dataset;not available in demo dataset;not available in demo dataset;not available in demo dataset;not available in demo dataset;not available in demo dataset;not available in demo dataset;desktop;6542549730670900000;Americas;Northern America;United States;California;San Francisco-Oakland-San Jose CA;Sunnyvale;not available in demo dataset;(not set);not available in demo dataset;not available in demo dataset;not available in demo dataset;6542549730670896370_1518714664;Not Socially Engaged;1;97;75;;0;(not set);google;organic;(not provided);not available in demo dataset;VERDADERO;1518714664;2;1518714664
Organic Search;20180227;Chrome;not available in demo dataset;not available in demo dataset;Chrome OS;not available in demo dataset;FALSO;not available in demo dataset;not available in demo dataset;not available in demo dataset;not available in demo dataset;not available in demo dataset;not available in demo dataset;not available in demo dataset;not available in demo dataset;not available in demo dataset;desktop;9455549572770370000;Americas;Northern America;United States;not available in demo dataset;not available in demo dataset;not available in demo dataset;not available in demo dataset;suddenlink.net;not available in demo dataset;not available in demo dataset;not available in demo dataset;9455549572770372977_1519789320;Not Socially Engaged;1;97;71;;0;(not set);google;organic;(not provided);not available in demo dataset;VERDADERO;1519789320;5;1519789320
Organic Search;20170823;Firefox;not available in demo dataset;not available in demo dataset;Windows;not available in demo dataset;FALSO;not available in demo dataset;not available in demo dataset;not available in demo dataset;not available in demo dataset;not available in demo dataset;not available in demo dataset;not available in demo dataset;not available in demo dataset;not available in demo dataset;desktop;2907447531707590000;Asia;Southeast Asia;Thailand;Bangkok;(not set);Bangkok;not available in demo dataset;totbb.net;not available in demo dataset;not available in demo dataset;not available in demo dataset;2907447531707585312_1503525020;Not Socially Engaged;1;97;67;;1;(not set);google;organic;(not provided);not available in demo dataset;FALSO;1503525020;1;1503525020
Referral;20180216;Chrome;not available in demo dataset;not available in demo dataset;Linux;not available in demo dataset;FALSO;not available in demo dataset;not available in demo dataset;not available in demo dataset;not available in demo dataset;not available in demo dataset;not available in demo dataset;not available in demo dataset;not available in demo dataset;not available in demo dataset;desktop;28583334155527500;Americas;Northern America;United States;California;San Francisco-Oakland-San Jose CA;Mountain View;not available in demo dataset;(not set);not available in demo dataset;not available in demo dataset;not available in demo dataset;028583334155527541_1518807672;Not Socially Engaged;1;97;66;;0;(not set);mall.googleplex.com;referral;(not provided);not available in demo dataset;VERDADERO;1518807672;2;1518807672
Organic Search;20171117;Chrome;not available in demo dataset;not available in demo dataset;Macintosh;not available in demo dataset;FALSO;not available in demo dataset;not available in demo dataset;not available in demo dataset;not available in demo dataset;not available in demo dataset;not available in demo dataset;not available in demo dataset;not available in demo dataset;not available in demo dataset;desktop;9562975743793170000;Asia;Eastern Asia;South Korea;Seoul;(not set);Seoul;not available in demo dataset;unknown.unknown;not available in demo dataset;not available in demo dataset;not available in demo dataset;9562975743793170694_1510943709;Not Socially Engaged;1;97;66;;1;(not set);google;organic;(not provided);not available in demo dataset;FALSO;1510943709;1;1510943709
Direct;20171103;Chrome;not available in demo dataset;not available in demo dataset;Macintosh;not available in demo dataset;FALSO;not available in demo dataset;not available in demo dataset;not available in demo dataset;not available in demo dataset;not available in demo dataset;not available in demo dataset;not available in demo dataset;not available in demo dataset;not available in demo dataset;desktop;950533423538162000;Americas;Northern America;United States;California;Los Angeles CA;Los Angeles;not available in demo dataset;(not set);not available in demo dataset;not available in demo dataset;not available in demo dataset;0950533423538162266_1509735181;Not Socially Engaged;1;97;64;;1;(not set);(direct);(none);(not provided);not available in demo dataset;VERDADERO;1509735181;1;1509735181
Organic Search;20180328;Chrome;not available in demo dataset;not available in demo dataset;Windows;not available in demo dataset;FALSO;not available in demo dataset;not available in demo dataset;not available in demo dataset;not available in demo dataset;not available in demo dataset;not available in demo dataset;not available in demo dataset;not available in demo dataset;not available in demo dataset;desktop;7977104493576050000;Asia;Southeast Asia;Philippines;not available in demo dataset;not available in demo dataset;not available in demo dataset;not available in demo dataset;unknown.unknown;not available in demo dataset;not available in demo dataset;not available in demo dataset;7977104493576051609_1522295027;Not Socially Engaged;1;97;60;;1;(not set);google;organic;(not provided);not available in demo dataset;FALSO;1522295027;1;1522295027
Referral;20171026;Chrome;not available in demo dataset;not available in demo dataset;Macintosh;not available in demo dataset;FALSO;not available in demo dataset;not available in demo dataset;not available in demo dataset;not available in demo dataset;not available in demo dataset;not available in demo dataset;not available in demo dataset;not available in demo dataset;not available in demo dataset;desktop;2272385594428740000;Americas;Northern America;United States;California;Los Angeles CA;Los Angeles;not available in demo dataset;(not set);not available in demo dataset;not available in demo dataset;not available in demo dataset;2272385594428741213_1509076916;Not Socially Engaged;1;97;59;;0;(not set);mall.googleplex.com;referral;(not provided);not available in demo dataset;VERDADERO;1509076916;4;1509076916
Organic Search;20171010;Chrome;not available in demo dataset;not available in demo dataset;Windows;not available in demo dataset;FALSO;not available in demo dataset;not available in demo dataset;not available in demo dataset;not available in demo dataset;not available in demo dataset;not available in demo dataset;not available in demo dataset;not available in demo dataset;not available in demo dataset;desktop;9003594978086540000;Americas;Northern America;United States;Massachusetts;Boston MA-Manchester NH;Boston;not available in demo dataset;unknown.unknown;not available in demo dataset;not available in demo dataset;not available in demo dataset;9003594978086541523_1507657386;Not Socially Engaged;1;97;56;;0;(not set);google;organic;(not provided);not available in demo dataset;VERDADERO;1507657386;10;1507657386
Referral;20170831;Chrome;not available in demo dataset;not available in demo dataset;Chrome OS;not available in demo dataset;FALSO;not available in demo dataset;not available in demo dataset;not available in demo dataset;not available in demo dataset;not available in demo dataset;not available in demo dataset;not available in demo dataset;not available in demo dataset;not available in demo dataset;desktop;198573366826423000;Americas;Northern America;United States;California;San Francisco-Oakland-San Jose CA;Mountain View;not available in demo dataset;comcastbusiness.net;not available in demo dataset;not available in demo dataset;not available in demo dataset;198573366826423270_1504232562;Not Socially Engaged;1;97;55;;0;(not set);mall.googleplex.com;referral;(not provided);not available in demo dataset;VERDADERO;1504232562;3;1504232562
Organic Search;20171102;Chrome;not available in demo dataset;not available in demo dataset;Android;not available in demo dataset;VERDADERO;not available in demo dataset;not available in demo dataset;not available in demo dataset;not available in demo dataset;not available in demo dataset;not available in demo dataset;not available in demo dataset;not available in demo dataset;not available in demo dataset;desktop;4797249243409600000;Europe;Eastern Europe;Russia;Moscow;(not set);Moscow;not available in demo dataset;rea.ru;not available in demo dataset;not available in demo dataset;not available in demo dataset;4797249243409596354_1509642285;Not Socially Engaged;1;97;53;;0;(not set);google;organic;(not provided);not available in demo dataset;VERDADERO;1509642285;2;1509642285
Referral;20171017;Chrome;not available in demo dataset;not available in demo dataset;Macintosh;not available in demo dataset;FALSO;not available in demo dataset;not available in demo dataset;not available in demo dataset;not available in demo dataset;not available in demo dataset;not available in demo dataset;not available in demo dataset;not available in demo dataset;not available in demo dataset;desktop;8161225112963030000;Americas;Northern America;United States;California;San Francisco-Oakland-San Jose CA;San Francisco;not available in demo dataset;(not set);not available in demo dataset;not available in demo dataset;not available in demo dataset;8161225112963028635_1508278381;Not Socially Engaged;1;97;52;;0;(not set);mall.googleplex.com;referral;(not provided);not available in demo dataset;FALSO;1508278381;2;1508278381
Organic Search;20171110;Chrome;not available in demo dataset;not available in demo dataset;Macintosh;not available in demo dataset;FALSO;not available in demo dataset;not available in demo dataset;not available in demo dataset;not available in demo dataset;not available in demo dataset;not available in demo dataset;not available in demo dataset;not available in demo dataset;not available in demo dataset;desktop;5923014411436560000;Asia;Southeast Asia;Philippines;not available in demo dataset;not available in demo dataset;not available in demo dataset;not available in demo dataset;unknown.unknown;not available in demo dataset;not available in demo dataset;not available in demo dataset;5923014411436562598_1510319427;Not Socially Engaged;1;97;50;;0;(not set);google;organic;(not provided);not available in demo dataset;VERDADERO;1510319427;4;1510319427
Organic Search;20170907;Safari;not available in demo dataset;not available in demo dataset;iOS;not available in demo dataset;VERDADERO;not available in demo dataset;not available in demo dataset;not available in demo dataset;not available in demo dataset;not available in demo dataset;not available in demo dataset;not available in demo dataset;not available in demo dataset;not available in demo dataset;tablet;6065427274814030000;Asia;Southern Asia;India;Delhi;(not set);New Delhi;not available in demo dataset;airtelbroadband.in;not available in demo dataset;not available in demo dataset;not available in demo dataset;6065427274814025505_1504785106;Not Socially Engaged;1;97;47;;0;(not set);google;organic;(not provided);not available in demo dataset;VERDADERO;1504785106;2;1504785106
Referral;20171212;Chrome;not available in demo dataset;not available in demo dataset;Macintosh;not available in demo dataset;FALSO;not available in demo dataset;not available in demo dataset;not available in demo dataset;not available in demo dataset;not available in demo dataset;not available in demo dataset;not available in demo dataset;not available in demo dataset;not available in demo dataset;desktop;2797072451647140000;Americas;Northern America;United States;New York;New York NY;New York;not available in demo dataset;verizon.net;not available in demo dataset;not available in demo dataset;not available in demo dataset;2797072451647139647_1513137920;Not Socially Engaged;1;97;41;;0;(not set);mall.googleplex.com;referral;(not provided);not available in demo dataset;VERDADERO;1513137920;4;1513137920
Organic Search;20170926;Firefox;not available in demo dataset;not available in demo dataset;Linux;not available in demo dataset;FALSO;not available in demo dataset;not available in demo dataset;not available in demo dataset;not available in demo dataset;not available in demo dataset;not available in demo dataset;not available in demo dataset;not available in demo dataset;not available in demo dataset;desktop;8188727638533100000;Americas;South America;Brazil;not available in demo dataset;not available in demo dataset;not available in demo dataset;not available in demo dataset;virtua.com.br;not available in demo dataset;not available in demo dataset;not available in demo dataset;8188727638533104114_1506470174;Not Socially Engaged;1;97;40;;1;(not set);google;organic;(not provided);not available in demo dataset;FALSO;1506470174;1;1506470174
Direct;20171001;Chrome;not available in demo dataset;not available in demo dataset;Windows;not available in demo dataset;FALSO;not available in demo dataset;not available in demo dataset;not available in demo dataset;not available in demo dataset;not available in demo dataset;not available in demo dataset;not available in demo dataset;not available in demo dataset;not available in demo dataset;desktop;396552270289526000;Americas;South America;Venezuela;not available in demo dataset;not available in demo dataset;not available in demo dataset;not available in demo dataset;unknown.unknown;not available in demo dataset;not available in demo dataset;not available in demo dataset;0396552270289525669_1506891151;Not Socially Engaged;1;96;85;;1;(not set);(direct);(none);(not provided);not available in demo dataset;VERDADERO;1506891151;1;1506891151
Direct;20180124;Chrome;not available in demo dataset;not available in demo dataset;Android;not available in demo dataset;VERDADERO;not available in demo dataset;not available in demo dataset;not available in demo dataset;not available in demo dataset;not available in demo dataset;not available in demo dataset;not available in demo dataset;not available in demo dataset;not available in demo dataset;mobile;4254462470859420000;Americas;Northern America;United States;Nevada;(not set);(not set);not available in demo dataset;(not set);not available in demo dataset;not available in demo dataset;not available in demo dataset;4254462470859421263_1516833488;Not Socially Engaged;1;96;76;;0;(not set);(direct);(none);(not provided);not available in demo dataset;VERDADERO;1516833488;2;1516833488
Direct;20170914;Chrome;not available in demo dataset;not available in demo dataset;Macintosh;not available in demo dataset;FALSO;not available in demo dataset;not available in demo dataset;not available in demo dataset;not available in demo dataset;not available in demo dataset;not available in demo dataset;not available in demo dataset;not available in demo dataset;not available in demo dataset;desktop;230303865113024000;Americas;Northern America;United States;not available in demo dataset;not available in demo dataset;not available in demo dataset;not available in demo dataset;direcpc.com;not available in demo dataset;not available in demo dataset;not available in demo dataset;0230303865113024338_1505382205;Not Socially Engaged;1;96;72;;1;(not set);(direct);(none);(not provided);not available in demo dataset;VERDADERO;1505382205;1;1505382205
Display;20171017;Chrome;not available in demo dataset;not available in demo dataset;Macintosh;not available in demo dataset;FALSO;not available in demo dataset;not available in demo dataset;not available in demo dataset;not available in demo dataset;not available in demo dataset;not available in demo dataset;not available in demo dataset;not available in demo dataset;not available in demo dataset;desktop;4571332986827700000;Americas;Northern America;United States;California;San Francisco-Oakland-San Jose CA;Mountain View;not available in demo dataset;(not set);not available in demo dataset;not available in demo dataset;not available in demo dataset;4571332986827698537_1508271443;Not Socially Engaged;1;96;71;;1;(not set);google;cpm;(not provided);not available in demo dataset;FALSO;1508271443;1;1508271443
Affiliates;20171202;Chrome;not available in demo dataset;not available in demo dataset;Windows;not available in demo dataset;FALSO;not available in demo dataset;not available in demo dataset;not available in demo dataset;not available in demo dataset;not available in demo dataset;not available in demo dataset;not available in demo dataset;not available in demo dataset;not available in demo dataset;desktop;6318986911915130000;Europe;Northern Europe;Finland;not available in demo dataset;not available in demo dataset;not available in demo dataset;not available in demo dataset;elisa-laajakaista.fi;not available in demo dataset;not available in demo dataset;not available in demo dataset;6318986911915133409_1512248542;Not Socially Engaged;1;96;70;;0;Data Share Promo;Partners;affiliate;(not provided);not available in demo dataset;VERDADERO;1512248542;2;1512248542
Organic Search;20171004;Safari;not available in demo dataset;not available in demo dataset;Macintosh;not available in demo dataset;FALSO;not available in demo dataset;not available in demo dataset;not available in demo dataset;not available in demo dataset;not available in demo dataset;not available in demo dataset;not available in demo dataset;not available in demo dataset;not available in demo dataset;desktop;5767690520460880000;Americas;Northern America;United States;California;San Francisco-Oakland-San Jose CA;San Francisco;not available in demo dataset;(not set);not available in demo dataset;not available in demo dataset;not available in demo dataset;5767690520460882634_1507161051;Not Socially Engaged;1;96;70;;1;(not set);google;organic;(not provided);not available in demo dataset;FALSO;1507161051;1;1507161051
Organic Search;20171002;Chrome;not available in demo dataset;not available in demo dataset;Windows;not available in demo dataset;FALSO;not available in demo dataset;not available in demo dataset;not available in demo dataset;not available in demo dataset;not available in demo dataset;not available in demo dataset;not available in demo dataset;not available in demo dataset;not available in demo dataset;desktop;5481091058914080000;Europe;Southern Europe;Italy;not available in demo dataset;not available in demo dataset;not available in demo dataset;not available in demo dataset;it;not available in demo dataset;not available in demo dataset;not available in demo dataset;5481091058914075436_1506943011;Not Socially Engaged;1;96;70;;1;(not set);google;organic;(not provided);not available in demo dataset;FALSO;1506943011;1;1506943011
Organic Search;20171105;Safari;not available in demo dataset;not available in demo dataset;iOS;not available in demo dataset;VERDADERO;not available in demo dataset;not available in demo dataset;not available in demo dataset;not available in demo dataset;not available in demo dataset;not available in demo dataset;not available in demo dataset;not available in demo dataset;not available in demo dataset;mobile;7590476423360520000;Americas;Northern America;United States;California;Los Angeles CA;Los Angeles;not available in demo dataset;(not set);not available in demo dataset;not available in demo dataset;not available in demo dataset;7590476423360518615_1509943586;Not Socially Engaged;1;96;68;;0;(not set);google;organic;(not provided);not available in demo dataset;VERDADERO;1509943586;2;1509943586
Referral;20171006;Chrome;not available in demo dataset;not available in demo dataset;Macintosh;not available in demo dataset;FALSO;not available in demo dataset;not available in demo dataset;not available in demo dataset;not available in demo dataset;not available in demo dataset;not available in demo dataset;not available in demo dataset;not available in demo dataset;not available in demo dataset;desktop;5868953614970350000;Americas;Northern America;United States;California;San Francisco-Oakland-San Jose CA;San Francisco;not available in demo dataset;(not set);not available in demo dataset;not available in demo dataset;not available in demo dataset;5868953614970352020_1507326744;Not Socially Engaged;1;96;68;;0;(not set);mall.googleplex.com;referral;(not provided);not available in demo dataset;VERDADERO;1507326744;11;1507326744
Display;20171128;Chrome;not available in demo dataset;not available in demo dataset;Macintosh;not available in demo dataset;FALSO;not available in demo dataset;not available in demo dataset;not available in demo dataset;not available in demo dataset;not available in demo dataset;not available in demo dataset;not available in demo dataset;not available in demo dataset;not available in demo dataset;desktop;1497553441330240000;Americas;Northern America;United States;California;San Francisco-Oakland-San Jose CA;San Jose;not available in demo dataset;(not set);not available in demo dataset;not available in demo dataset;not available in demo dataset;1497553441330240961_1511900789;Not Socially Engaged;1;96;68;;0;(not set);google;cpm;(not provided);not available in demo dataset;VERDADERO;1511900789;13;1511900789
Organic Search;20180328;Chrome;not available in demo dataset;not available in demo dataset;Android;not available in demo dataset;VERDADERO;not available in demo dataset;not available in demo dataset;not available in demo dataset;not available in demo dataset;not available in demo dataset;not available in demo dataset;not available in demo dataset;not available in demo dataset;not available in demo dataset;mobile;6397457700223060000;Americas;Northern America;United States;not available in demo dataset;not available in demo dataset;not available in demo dataset;not available in demo dataset;(not set);not available in demo dataset;not available in demo dataset;not available in demo dataset;6397457700223056647_1522274746;Not Socially Engaged;1;96;68;;1;(not set);google;organic;(not provided);not available in demo dataset;FALSO;1522274746;1;1522274746
Referral;20170822;Chrome;not available in demo dataset;not available in demo dataset;Chrome OS;not available in demo dataset;FALSO;not available in demo dataset;not available in demo dataset;not available in demo dataset;not available in demo dataset;not available in demo dataset;not available in demo dataset;not available in demo dataset;not available in demo dataset;not available in demo dataset;desktop;5342093851470280000;Americas;Northern America;United States;California;San Francisco-Oakland-San Jose CA;Mountain View;not available in demo dataset;(not set);not available in demo dataset;not available in demo dataset;not available in demo dataset;5342093851470283283_1503445677;Not Socially Engaged;1;96;66;;0;(not set);mall.googleplex.com;referral;(not provided);not available in demo dataset;VERDADERO;1503445677;7;1503445677
Affiliates;20180124;Chrome;not available in demo dataset;not available in demo dataset;Macintosh;not available in demo dataset;FALSO;not available in demo dataset;not available in demo dataset;not available in demo dataset;not available in demo dataset;not available in demo dataset;not available in demo dataset;not available in demo dataset;not available in demo dataset;not available in demo dataset;desktop;7094476618461750000;Europe;Western Europe;France;Hauts-de-France;(not set);Lille;not available in demo dataset;unknown.unknown;not available in demo dataset;not available in demo dataset;not available in demo dataset;7094476618461750872_1516785203;Not Socially Engaged;1;96;66;;1;Data Share Promo;Partners;affiliate;(not provided);not available in demo dataset;FALSO;1516785203;1;1516785203
Organic Search;20171112;Chrome;not available in demo dataset;not available in demo dataset;Android;not available in demo dataset;VERDADERO;not available in demo dataset;not available in demo dataset;not available in demo dataset;not available in demo dataset;not available in demo dataset;not available in demo dataset;not available in demo dataset;not available in demo dataset;not available in demo dataset;mobile;664733895795299000;Americas;Caribbean;Dominican Republic;not available in demo dataset;not available in demo dataset;not available in demo dataset;not available in demo dataset;codetel.net.do;not available in demo dataset;not available in demo dataset;not available in demo dataset;664733895795299461_1510539914;Not Socially Engaged;1;96;65;;0;(not set);google;organic;(not provided);not available in demo dataset;VERDADERO;1510539914;2;1510539914
Organic Search;20180109;Chrome;not available in demo dataset;not available in demo dataset;Windows;not available in demo dataset;FALSO;not available in demo dataset;not available in demo dataset;not available in demo dataset;not available in demo dataset;not available in demo dataset;not available in demo dataset;not available in demo dataset;not available in demo dataset;not available in demo dataset;desktop;3449895668938740000;Americas;Northern America;United States;New York;New York NY;New York;not available in demo dataset;zscalertwo.net;not available in demo dataset;not available in demo dataset;not available in demo dataset;3449895668938739969_1515507302;Not Socially Engaged;1;96;65;;0;(not set);google;organic;(not provided);not available in demo dataset;VERDADERO;1515507302;3;1515507302
Organic Search;20180323;Chrome;not available in demo dataset;not available in demo dataset;Macintosh;not available in demo dataset;FALSO;not available in demo dataset;not available in demo dataset;not available in demo dataset;not available in demo dataset;not available in demo dataset;not available in demo dataset;not available in demo dataset;not available in demo dataset;not available in demo dataset;desktop;6222118632461340000;Americas;Northern America;United States;New York;New York NY;New York;not available in demo dataset;(not set);not available in demo dataset;not available in demo dataset;not available in demo dataset;6222118632461335346_1521833574;Not Socially Engaged;1;96;65;;1;(not set);google;organic;(not provided);not available in demo dataset;FALSO;1521833574;1;1521833574
Referral;20180426;Chrome;not available in demo dataset;not available in demo dataset;Macintosh;not available in demo dataset;FALSO;not available in demo dataset;not available in demo dataset;not available in demo dataset;not available in demo dataset;not available in demo dataset;not available in demo dataset;not available in demo dataset;not available in demo dataset;not available in demo dataset;desktop;3229832905952390000;Americas;Northern America;United States;not available in demo dataset;not available in demo dataset;not available in demo dataset;not available in demo dataset;wideopenwest.com;not available in demo dataset;not available in demo dataset;not available in demo dataset;3229832905952384880_1524794555;Not Socially Engaged;1;96;64;;0;(not set);mall.googleplex.com;referral;(not provided);not available in demo dataset;VERDADERO;1524794555;6;1524794555
Organic Search;20171012;Chrome;not available in demo dataset;not available in demo dataset;Chrome OS;not available in demo dataset;FALSO;not available in demo dataset;not available in demo dataset;not available in demo dataset;not available in demo dataset;not available in demo dataset;not available in demo dataset;not available in demo dataset;not available in demo dataset;not available in demo dataset;desktop;2676048116786220000;Americas;Northern America;United States;Georgia;Atlanta GA;Atlanta;not available in demo dataset;(not set);not available in demo dataset;not available in demo dataset;not available in demo dataset;2676048116786216848_1507840558;Not Socially Engaged;1;96;63;;1;(not set);google;organic;(not provided);not available in demo dataset;FALSO;1507840558;1;1507840558
Referral;20170814;Chrome;not available in demo dataset;not available in demo dataset;Macintosh;not available in demo dataset;FALSO;not available in demo dataset;not available in demo dataset;not available in demo dataset;not available in demo dataset;not available in demo dataset;not available in demo dataset;not available in demo dataset;not available in demo dataset;not available in demo dataset;desktop;243532687507051000;Asia;Eastern Asia;Japan;not available in demo dataset;not available in demo dataset;not available in demo dataset;not available in demo dataset;(not set);not available in demo dataset;not available in demo dataset;not available in demo dataset;243532687507050764_1502720225;Not Socially Engaged;1;96;61;;0;(not set);qiita.com;referral;(not provided);not available in demo dataset;VERDADERO;1502720225;2;1502720225
Referral;20171113;Chrome;not available in demo dataset;not available in demo dataset;Macintosh;not available in demo dataset;FALSO;not available in demo dataset;not available in demo dataset;not available in demo dataset;not available in demo dataset;not available in demo dataset;not available in demo dataset;not available in demo dataset;not available in demo dataset;not available in demo dataset;desktop;814406716634151000;Americas;Northern America;United States;California;San Francisco-Oakland-San Jose CA;Santa Clara;not available in demo dataset;comcast.net;not available in demo dataset;not available in demo dataset;not available in demo dataset;814406716634151401_1510629607;Not Socially Engaged;1;96;60;;0;(not set);mall.googleplex.com;referral;(not provided);not available in demo dataset;VERDADERO;1510629607;2;1510629607
Organic Search;20170828;Chrome;not available in demo dataset;not available in demo dataset;Macintosh;not available in demo dataset;FALSO;not available in demo dataset;not available in demo dataset;not available in demo dataset;not available in demo dataset;not available in demo dataset;not available in demo dataset;not available in demo dataset;not available in demo dataset;not available in demo dataset;desktop;8292041816020420000;Americas;Northern America;United States;Texas;San Antonio TX;San Antonio;not available in demo dataset;unknown.unknown;not available in demo dataset;not available in demo dataset;not available in demo dataset;8292041816020417937_1503946545;Not Socially Engaged;1;96;59;;1;(not set);google;organic;(not provided);not available in demo dataset;FALSO;1503946545;1;1503946545
Referral;20171204;Chrome;not available in demo dataset;not available in demo dataset;Windows;not available in demo dataset;FALSO;not available in demo dataset;not available in demo dataset;not available in demo dataset;not available in demo dataset;not available in demo dataset;not available in demo dataset;not available in demo dataset;not available in demo dataset;not available in demo dataset;desktop;8947852378903750000;Americas;Northern America;United States;California;San Francisco-Oakland-San Jose CA;Mountain View;not available in demo dataset;(not set);not available in demo dataset;not available in demo dataset;not available in demo dataset;8947852378903754078_1512418823;Not Socially Engaged;1;96;58;;0;(not set);sites.google.com;referral;(not provided);not available in demo dataset;FALSO;1512418823;2;1512418823
Direct;20180130;Chrome;not available in demo dataset;not available in demo dataset;Windows;not available in demo dataset;FALSO;not available in demo dataset;not available in demo dataset;not available in demo dataset;not available in demo dataset;not available in demo dataset;not available in demo dataset;not available in demo dataset;not available in demo dataset;not available in demo dataset;desktop;6010250598436090000;Americas;Northern America;United States;not available in demo dataset;not available in demo dataset;not available in demo dataset;not available in demo dataset;verizon.net;not available in demo dataset;not available in demo dataset;not available in demo dataset;6010250598436085923_1517330666;Not Socially Engaged;1;96;51;;0;(not set);(direct);(none);(not provided);not available in demo dataset;VERDADERO;1517330666;55;1517330666
Referral;20171017;Chrome;not available in demo dataset;not available in demo dataset;Macintosh;not available in demo dataset;FALSO;not available in demo dataset;not available in demo dataset;not available in demo dataset;not available in demo dataset;not available in demo dataset;not available in demo dataset;not available in demo dataset;not available in demo dataset;not available in demo dataset;desktop;5694565953073000000;Americas;Northern America;United States;California;San Francisco-Oakland-San Jose CA;Santa Clara;not available in demo dataset;(not set);not available in demo dataset;not available in demo dataset;not available in demo dataset;5694565953072995275_1508303319;Not Socially Engaged;1;96;51;;0;(not set);mall.googleplex.com;referral;(not provided);not available in demo dataset;VERDADERO;1508303319;3;1508303319
Display;20170804;Firefox;not available in demo dataset;not available in demo dataset;Windows;not available in demo dataset;FALSO;not available in demo dataset;not available in demo dataset;not available in demo dataset;not available in demo dataset;not available in demo dataset;not available in demo dataset;not available in demo dataset;not available in demo dataset;not available in demo dataset;desktop;1957458976293880000;Americas;Northern America;United States;not available in demo dataset;not available in demo dataset;not available in demo dataset;not available in demo dataset;comcastbusiness.net;not available in demo dataset;not available in demo dataset;not available in demo dataset;1957458976293878100_1501871164;Not Socially Engaged;1;95;95;;0;(not set);dfa;cpm;(not provided);not available in demo dataset;VERDADERO;1501871164;335;1501871164
Organic Search;20171008;Chrome;not available in demo dataset;not available in demo dataset;Windows;not available in demo dataset;FALSO;not available in demo dataset;not available in demo dataset;not available in demo dataset;not available in demo dataset;not available in demo dataset;not available in demo dataset;not available in demo dataset;not available in demo dataset;not available in demo dataset;desktop;9663893414008300000;Asia;Southern Asia;India;Delhi;(not set);(not set);not available in demo dataset;unknown.unknown;not available in demo dataset;not available in demo dataset;not available in demo dataset;9663893414008301924_1507473981;Not Socially Engaged;1;95;8;;1;(not set);google;organic;(not provided);not available in demo dataset;FALSO;1507473981;1;1507473981
Referral;20171128;Chrome;not available in demo dataset;not available in demo dataset;Windows;not available in demo dataset;FALSO;not available in demo dataset;not available in demo dataset;not available in demo dataset;not available in demo dataset;not available in demo dataset;not available in demo dataset;not available in demo dataset;not available in demo dataset;not available in demo dataset;desktop;3938821990588250000;Asia;Eastern Asia;Taiwan;Taoyuan County;(not set);Zhongli District;not available in demo dataset;uch.edu.tw;not available in demo dataset;not available in demo dataset;not available in demo dataset;3938821990588249862_1511936089;Not Socially Engaged;1;95;76;;0;(not set);analytics.google.com;referral;(not provided);not available in demo dataset;VERDADERO;1511936089;3;1511936089
Referral;20171207;Chrome;not available in demo dataset;not available in demo dataset;Macintosh;not available in demo dataset;FALSO;not available in demo dataset;not available in demo dataset;not available in demo dataset;not available in demo dataset;not available in demo dataset;not available in demo dataset;not available in demo dataset;not available in demo dataset;not available in demo dataset;desktop;8480562427961710000;Americas;Northern America;United States;California;San Francisco-Oakland-San Jose CA;Sunnyvale;not available in demo dataset;(not set);not available in demo dataset;not available in demo dataset;not available in demo dataset;8480562427961706002_1512709505;Not Socially Engaged;1;95;74;;0;(not set);mall.googleplex.com;referral;(not provided);not available in demo dataset;VERDADERO;1512709505;2;1512709505
Organic Search;20171004;Chrome;not available in demo dataset;not available in demo dataset;Windows;not available in demo dataset;FALSO;not available in demo dataset;not available in demo dataset;not available in demo dataset;not available in demo dataset;not available in demo dataset;not available in demo dataset;not available in demo dataset;not available in demo dataset;not available in demo dataset;desktop;2236274332598990000;Americas;Northern America;Canada;not available in demo dataset;not available in demo dataset;not available in demo dataset;not available in demo dataset;uqat.ca;not available in demo dataset;not available in demo dataset;not available in demo dataset;2236274332598985319_1507157090;Not Socially Engaged;1;95;74;;1;(not set);google;organic;(not provided);not available in demo dataset;FALSO;1507157090;1;1507157090
Direct;20180319;Chrome;not available in demo dataset;not available in demo dataset;Windows;not available in demo dataset;FALSO;not available in demo dataset;not available in demo dataset;not available in demo dataset;not available in demo dataset;not available in demo dataset;not available in demo dataset;not available in demo dataset;not available in demo dataset;not available in demo dataset;desktop;5893231375094370000;Asia;Eastern Asia;Taiwan;Taoyuan County;(not set);Taoyuan District;not available in demo dataset;hinet.net;not available in demo dataset;not available in demo dataset;not available in demo dataset;5893231375094373308_1521522659;Not Socially Engaged;1;95;73;;1;(not set);(direct);(none);(not provided);not available in demo dataset;VERDADERO;1521522659;1;1521522659
Organic Search;20171220;Chrome;not available in demo dataset;not available in demo dataset;Android;not available in demo dataset;VERDADERO;not available in demo dataset;not available in demo dataset;not available in demo dataset;not available in demo dataset;not available in demo dataset;not available in demo dataset;not available in demo dataset;not available in demo dataset;not available in demo dataset;mobile;3432657061599510000;Europe;Western Europe;Netherlands;not available in demo dataset;not available in demo dataset;not available in demo dataset;not available in demo dataset;unknown.unknown;not available in demo dataset;not available in demo dataset;not available in demo dataset;3432657061599511308_1513771327;Not Socially Engaged;1;95;71;;0;(not set);google;organic;(not provided);not available in demo dataset;VERDADERO;1513771327;4;1513771327
Referral;20170805;Chrome;not available in demo dataset;not available in demo dataset;Macintosh;not available in demo dataset;FALSO;not available in demo dataset;not available in demo dataset;not available in demo dataset;not available in demo dataset;not available in demo dataset;not available in demo dataset;not available in demo dataset;not available in demo dataset;not available in demo dataset;desktop;8053050358711690000;Americas;Northern America;United States;not available in demo dataset;not available in demo dataset;not available in demo dataset;not available in demo dataset;comcast.net;not available in demo dataset;not available in demo dataset;not available in demo dataset;8053050358711689243_1501948176;Not Socially Engaged;1;95;69;;0;(not set);mall.googleplex.com;referral;(not provided);not available in demo dataset;FALSO;1501948176;2;1501948176
Direct;20180121;Safari;not available in demo dataset;not available in demo dataset;iOS;not available in demo dataset;VERDADERO;not available in demo dataset;not available in demo dataset;not available in demo dataset;not available in demo dataset;not available in demo dataset;not available in demo dataset;not available in demo dataset;not available in demo dataset;not available in demo dataset;mobile;2615806213672050000;Americas;Northern America;Canada;not available in demo dataset;not available in demo dataset;not available in demo dataset;not available in demo dataset;unknown.unknown;not available in demo dataset;not available in demo dataset;not available in demo dataset;2615806213672046110_1516600307;Not Socially Engaged;1;95;68;;0;(not set);(direct);(none);(not provided);not available in demo dataset;VERDADERO;1516600307;3;1516600307
Organic Search;20180208;Chrome;not available in demo dataset;not available in demo dataset;Windows;not available in demo dataset;FALSO;not available in demo dataset;not available in demo dataset;not available in demo dataset;not available in demo dataset;not available in demo dataset;not available in demo dataset;not available in demo dataset;not available in demo dataset;not available in demo dataset;desktop;1491184553431840000;Americas;Northern America;United States;not available in demo dataset;not available in demo dataset;not available in demo dataset;not available in demo dataset;(not set);not available in demo dataset;not available in demo dataset;not available in demo dataset;1491184553431841427_1518152104;Not Socially Engaged;1;95;67;;0;(not set);google;organic;(not provided);not available in demo dataset;VERDADERO;1518152104;2;1518152104
Organic Search;20180228;Chrome;not available in demo dataset;not available in demo dataset;Macintosh;not available in demo dataset;FALSO;not available in demo dataset;not available in demo dataset;not available in demo dataset;not available in demo dataset;not available in demo dataset;not available in demo dataset;not available in demo dataset;not available in demo dataset;not available in demo dataset;desktop;7491920542186770000;Americas;Northern America;United States;not available in demo dataset;not available in demo dataset;not available in demo dataset;not available in demo dataset;(not set);not available in demo dataset;not available in demo dataset;not available in demo dataset;7491920542186769264_1519807548;Not Socially Engaged;1;95;64;;1;(not set);google;organic;(not provided);not available in demo dataset;FALSO;1519807548;1;1519807548
Referral;20171101;Chrome;not available in demo dataset;not available in demo dataset;Windows;not available in demo dataset;FALSO;not available in demo dataset;not available in demo dataset;not available in demo dataset;not available in demo dataset;not available in demo dataset;not available in demo dataset;not available in demo dataset;not available in demo dataset;not available in demo dataset;desktop;3351257985660370000;Americas;Northern America;United States;California;San Francisco-Oakland-San Jose CA;Mountain View;not available in demo dataset;(not set);not available in demo dataset;not available in demo dataset;not available in demo dataset;3351257985660372667_1509596771;Not Socially Engaged;1;95;63;;0;(not set);mall.googleplex.com;referral;(not provided);not available in demo dataset;VERDADERO;1509596771;6;1509596771
Organic Search;20171103;Chrome;not available in demo dataset;not available in demo dataset;Windows;not available in demo dataset;FALSO;not available in demo dataset;not available in demo dataset;not available in demo dataset;not available in demo dataset;not available in demo dataset;not available in demo dataset;not available in demo dataset;not available in demo dataset;not available in demo dataset;desktop;9398894173741760000;Americas;Northern America;United States;not available in demo dataset;not available in demo dataset;not available in demo dataset;not available in demo dataset;intel.com;not available in demo dataset;not available in demo dataset;not available in demo dataset;9398894173741757298_1509733104;Not Socially Engaged;1;95;63;;1;(not set);google;organic;(not provided);not available in demo dataset;FALSO;1509733104;1;1509733104
Direct;20171026;Safari;not available in demo dataset;not available in demo dataset;iOS;not available in demo dataset;VERDADERO;not available in demo dataset;not available in demo dataset;not available in demo dataset;not available in demo dataset;not available in demo dataset;not available in demo dataset;not available in demo dataset;not available in demo dataset;not available in demo dataset;mobile;7728556846531810000;Americas;Northern America;United States;California;San Francisco-Oakland-San Jose CA;San Jose;not available in demo dataset;(not set);not available in demo dataset;not available in demo dataset;not available in demo dataset;7728556846531811078_1509077776;Not Socially Engaged;1;95;62;;1;(not set);(direct);(none);(not provided);not available in demo dataset;VERDADERO;1509077776;1;1509077776
Referral;20180117;Chrome;not available in demo dataset;not available in demo dataset;Linux;not available in demo dataset;FALSO;not available in demo dataset;not available in demo dataset;not available in demo dataset;not available in demo dataset;not available in demo dataset;not available in demo dataset;not available in demo dataset;not available in demo dataset;not available in demo dataset;desktop;495439147467769000;Americas;Northern America;United States;California;San Francisco-Oakland-San Jose CA;Sunnyvale;not available in demo dataset;(not set);not available in demo dataset;not available in demo dataset;not available in demo dataset;0495439147467768502_1516243035;Not Socially Engaged;1;95;61;;0;(not set);mall.googleplex.com;referral;(not provided);not available in demo dataset;VERDADERO;1516243035;3;1516243035
Social;20171230;Chrome;not available in demo dataset;not available in demo dataset;Android;not available in demo dataset;VERDADERO;not available in demo dataset;not available in demo dataset;not available in demo dataset;not available in demo dataset;not available in demo dataset;not available in demo dataset;not available in demo dataset;not available in demo dataset;not available in demo dataset;mobile;9752533288327900000;Americas;Northern America;United States;not available in demo dataset;not available in demo dataset;not available in demo dataset;not available in demo dataset;cox.net;not available in demo dataset;not available in demo dataset;not available in demo dataset;9752533288327896034_1514679970;Not Socially Engaged;1;95;60;;1;(not set);youtube.com;referral;(not provided);not available in demo dataset;FALSO;1514679970;1;1514679970
Referral;20171010;Chrome;not available in demo dataset;not available in demo dataset;Macintosh;not available in demo dataset;FALSO;not available in demo dataset;not available in demo dataset;not available in demo dataset;not available in demo dataset;not available in demo dataset;not available in demo dataset;not available in demo dataset;not available in demo dataset;not available in demo dataset;desktop;6327025100437660000;Americas;Northern America;United States;New York;New York NY;New York;not available in demo dataset;(not set);not available in demo dataset;not available in demo dataset;not available in demo dataset;6327025100437659576_1507649725;Not Socially Engaged;1;95;59;;0;(not set);mall.googleplex.com;referral;(not provided);not available in demo dataset;VERDADERO;1507649725;2;1507649725
Organic Search;20180328;Chrome;not available in demo dataset;not available in demo dataset;Android;not available in demo dataset;VERDADERO;not available in demo dataset;not available in demo dataset;not available in demo dataset;not available in demo dataset;not available in demo dataset;not available in demo dataset;not available in demo dataset;not available in demo dataset;not available in demo dataset;mobile;4213918047818140000;Europe;Western Europe;Austria;not available in demo dataset;not available in demo dataset;not available in demo dataset;not available in demo dataset;telekom.at;not available in demo dataset;not available in demo dataset;not available in demo dataset;4213918047818138425_1522269887;Not Socially Engaged;1;95;58;;0;(not set);google;organic;(not provided);not available in demo dataset;VERDADERO;1522269887;2;1522269887
Referral;20171030;Chrome;not available in demo dataset;not available in demo dataset;Windows;not available in demo dataset;FALSO;not available in demo dataset;not available in demo dataset;not available in demo dataset;not available in demo dataset;not available in demo dataset;not available in demo dataset;not available in demo dataset;not available in demo dataset;not available in demo dataset;desktop;3584798380751330000;Americas;Central America;Mexico;not available in demo dataset;not available in demo dataset;not available in demo dataset;not available in demo dataset;prod-infinitum.com.mx;not available in demo dataset;not available in demo dataset;not available in demo dataset;3584798380751325245_1509385227;Not Socially Engaged;1;95;56;;1;(not set);google.com;referral;(not provided);not available in demo dataset;FALSO;1509385227;1;1509385227
Organic Search;20180314;Chrome;not available in demo dataset;not available in demo dataset;Windows;not available in demo dataset;FALSO;not available in demo dataset;not available in demo dataset;not available in demo dataset;not available in demo dataset;not available in demo dataset;not available in demo dataset;not available in demo dataset;not available in demo dataset;not available in demo dataset;desktop;9470529642766700000;Europe;Western Europe;France;Auvergne-Rhone-Alpes;(not set);Lyon;not available in demo dataset;completel.net;not available in demo dataset;not available in demo dataset;not available in demo dataset;9470529642766703212_1521043725;Not Socially Engaged;1;95;54;;0;(not set);google;organic;(not provided);not available in demo dataset;FALSO;1521043725;10;1521043725
Organic Search;20180121;Chrome;not available in demo dataset;not available in demo dataset;Chrome OS;not available in demo dataset;FALSO;not available in demo dataset;not available in demo dataset;not available in demo dataset;not available in demo dataset;not available in demo dataset;not available in demo dataset;not available in demo dataset;not available in demo dataset;not available in demo dataset;desktop;7034595573568920000;Americas;Northern America;Canada;not available in demo dataset;not available in demo dataset;not available in demo dataset;not available in demo dataset;rogers.com;not available in demo dataset;not available in demo dataset;not available in demo dataset;7034595573568918083_1516541869;Not Socially Engaged;1;95;54;;1;(not set);google;organic;(not provided);not available in demo dataset;FALSO;1516541869;1;1516541869
Social;20180306;Chrome;not available in demo dataset;not available in demo dataset;Android;not available in demo dataset;VERDADERO;not available in demo dataset;not available in demo dataset;not available in demo dataset;not available in demo dataset;not available in demo dataset;not available in demo dataset;not available in demo dataset;not available in demo dataset;not available in demo dataset;mobile;4065878566569860000;Asia;Southeast Asia;Vietnam;not available in demo dataset;not available in demo dataset;not available in demo dataset;not available in demo dataset;vnpt.vn;not available in demo dataset;not available in demo dataset;not available in demo dataset;4065878566569856600_1520389061;Not Socially Engaged;1;95;52;;1;(not set);youtube.com;referral;(not provided);not available in demo dataset;FALSO;1520389061;1;1520389061
Direct;20180120;Chrome;not available in demo dataset;not available in demo dataset;Android;not available in demo dataset;VERDADERO;not available in demo dataset;not available in demo dataset;not available in demo dataset;not available in demo dataset;not available in demo dataset;not available in demo dataset;not available in demo dataset;not available in demo dataset;not available in demo dataset;mobile;5892495469107320000;Americas;Northern America;United States;Washington;Seattle-Tacoma WA;Seattle;not available in demo dataset;(not set);not available in demo dataset;not available in demo dataset;not available in demo dataset;5892495469107318534_1516435906;Not Socially Engaged;1;95;49;;1;(not set);(direct);(none);(not provided);not available in demo dataset;VERDADERO;1516435906;1;1516435906
Direct;20171205;Chrome;not available in demo dataset;not available in demo dataset;Windows;not available in demo dataset;FALSO;not available in demo dataset;not available in demo dataset;not available in demo dataset;not available in demo dataset;not available in demo dataset;not available in demo dataset;not available in demo dataset;not available in demo dataset;not available in demo dataset;desktop;1759779356678950000;Americas;Northern America;United States;Illinois;Chicago IL;Chicago;not available in demo dataset;comcast.net;not available in demo dataset;not available in demo dataset;not available in demo dataset;1759779356678951325_1512489644;Not Socially Engaged;1;95;43;;0;(not set);(direct);(none);(not provided);not available in demo dataset;VERDADERO;1512489644;30;1512489644
Direct;20170924;Safari;not available in demo dataset;not available in demo dataset;iOS;not available in demo dataset;VERDADERO;not available in demo dataset;not available in demo dataset;not available in demo dataset;not available in demo dataset;not available in demo dataset;not available in demo dataset;not available in demo dataset;not available in demo dataset;not available in demo dataset;mobile;76438251576312500;Americas;Northern America;United States;California;San Francisco-Oakland-San Jose CA;San Francisco;not available in demo dataset;comcast.net;not available in demo dataset;not available in demo dataset;not available in demo dataset;076438251576312510_1506305207;Not Socially Engaged;1;94;75;;1;(not set);(direct);(none);(not provided);not available in demo dataset;VERDADERO;1506305207;1;1506305207
Organic Search;20180425;Safari;not available in demo dataset;not available in demo dataset;iOS;not available in demo dataset;VERDADERO;not available in demo dataset;not available in demo dataset;not available in demo dataset;not available in demo dataset;not available in demo dataset;not available in demo dataset;not available in demo dataset;not available in demo dataset;not available in demo dataset;mobile;9119538456703230000;Europe;Western Europe;Germany;not available in demo dataset;not available in demo dataset;not available in demo dataset;not available in demo dataset;(not set);not available in demo dataset;not available in demo dataset;not available in demo dataset;9119538456703232895_1524683286;Not Socially Engaged;1;94;74;;1;(not set);google;organic;(not provided);not available in demo dataset;FALSO;1524683286;1;1524683286
Social;20171129;Safari;not available in demo dataset;not available in demo dataset;iOS;not available in demo dataset;VERDADERO;not available in demo dataset;not available in demo dataset;not available in demo dataset;not available in demo dataset;not available in demo dataset;not available in demo dataset;not available in demo dataset;not available in demo dataset;not available in demo dataset;tablet;8511410662046630000;Americas;Northern America;Canada;Quebec;(not set);Montreal;not available in demo dataset;(not set);not available in demo dataset;not available in demo dataset;not available in demo dataset;8511410662046626603_1511953080;Not Socially Engaged;1;94;7;;1;(not set);youtube.com;referral;(not provided);not available in demo dataset;FALSO;1511953080;1;1511953080
Direct;20180403;Chrome;not available in demo dataset;not available in demo dataset;Windows;not available in demo dataset;FALSO;not available in demo dataset;not available in demo dataset;not available in demo dataset;not available in demo dataset;not available in demo dataset;not available in demo dataset;not available in demo dataset;not available in demo dataset;not available in demo dataset;desktop;5632468096625170000;Americas;Northern America;United States;not available in demo dataset;not available in demo dataset;not available in demo dataset;not available in demo dataset;(not set);not available in demo dataset;not available in demo dataset;not available in demo dataset;5632468096625171455_1522766973;Not Socially Engaged;1;94;68;;1;(not set);(direct);(none);(not provided);not available in demo dataset;VERDADERO;1522766973;1;1522766973
Organic Search;20171027;Chrome;not available in demo dataset;not available in demo dataset;Macintosh;not available in demo dataset;FALSO;not available in demo dataset;not available in demo dataset;not available in demo dataset;not available in demo dataset;not available in demo dataset;not available in demo dataset;not available in demo dataset;not available in demo dataset;not available in demo dataset;desktop;6074921044298580000;Americas;Northern America;United States;not available in demo dataset;not available in demo dataset;not available in demo dataset;not available in demo dataset;(not set);not available in demo dataset;not available in demo dataset;not available in demo dataset;6074921044298580219_1509166774;Not Socially Engaged;1;94;66;;0;(not set);google;organic;(not provided);not available in demo dataset;FALSO;1509166774;2;1509166774
Organic Search;20170804;Safari;not available in demo dataset;not available in demo dataset;iOS;not available in demo dataset;VERDADERO;not available in demo dataset;not available in demo dataset;not available in demo dataset;not available in demo dataset;not available in demo dataset;not available in demo dataset;not available in demo dataset;not available in demo dataset;not available in demo dataset;tablet;3523937285082740000;Americas;Northern America;United States;not available in demo dataset;not available in demo dataset;not available in demo dataset;not available in demo dataset;comcastbusiness.net;not available in demo dataset;not available in demo dataset;not available in demo dataset;3523937285082743193_1501913138;Not Socially Engaged;1;94;65;;0;(not set);google;organic;(not provided);not available in demo dataset;FALSO;1501913138;2;1501913138
Referral;20170803;Chrome;not available in demo dataset;not available in demo dataset;Macintosh;not available in demo dataset;FALSO;not available in demo dataset;not available in demo dataset;not available in demo dataset;not available in demo dataset;not available in demo dataset;not available in demo dataset;not available in demo dataset;not available in demo dataset;not available in demo dataset;desktop;6949989259220230000;Americas;Northern America;United States;California;San Francisco-Oakland-San Jose CA;San Bruno;not available in demo dataset;sanbrunocable.com;not available in demo dataset;not available in demo dataset;not available in demo dataset;6949989259220234465_1501786700;Not Socially Engaged;1;94;65;;1;(not set);mall.googleplex.com;referral;(not provided);not available in demo dataset;FALSO;1501786700;1;1501786700
Paid Search;20180309;Chrome;not available in demo dataset;not available in demo dataset;Android;not available in demo dataset;VERDADERO;not available in demo dataset;not available in demo dataset;not available in demo dataset;not available in demo dataset;not available in demo dataset;not available in demo dataset;not available in demo dataset;not available in demo dataset;not available in demo dataset;mobile;5201144307393130000;Americas;Northern America;United States;New York;New York NY;New York;not available in demo dataset;(not set);not available in demo dataset;not available in demo dataset;not available in demo dataset;5201144307393128519_1520625601;Not Socially Engaged;1;94;65;;1;"Page: contains ""/google+redesign/office"" Similar Audiences";google;cpc;(Remarketing/Content targeting);not available in demo dataset;FALSO;1520625601;1;1520625601
Direct;20170823;Chrome;not available in demo dataset;not available in demo dataset;Windows;not available in demo dataset;FALSO;not available in demo dataset;not available in demo dataset;not available in demo dataset;not available in demo dataset;not available in demo dataset;not available in demo dataset;not available in demo dataset;not available in demo dataset;not available in demo dataset;desktop;3466094659931930000;Americas;Northern America;United States;Texas;Houston TX;Houston;not available in demo dataset;comcastbusiness.net;not available in demo dataset;not available in demo dataset;not available in demo dataset;3466094659931927332_1503513316;Not Socially Engaged;1;94;64;;0;(not set);(direct);(none);(not provided);not available in demo dataset;VERDADERO;1503513316;2;1503513316
Paid Search;20171030;Safari;not available in demo dataset;not available in demo dataset;iOS;not available in demo dataset;VERDADERO;not available in demo dataset;not available in demo dataset;not available in demo dataset;not available in demo dataset;not available in demo dataset;not available in demo dataset;not available in demo dataset;not available in demo dataset;not available in demo dataset;mobile;6882854690783300000;Americas;Northern America;United States;California;San Francisco-Oakland-San Jose CA;San Francisco;not available in demo dataset;spcsdns.net;not available in demo dataset;not available in demo dataset;not available in demo dataset;6882854690783296659_1509426215;Not Socially Engaged;1;94;64;;1;AW - Dynamic Search Ads Whole Site;google;cpc;6qEhsCssdK0z36ri;not available in demo dataset;FALSO;1509426215;1;1509426215
Paid Search;20171102;Edge;not available in demo dataset;not available in demo dataset;Windows;not available in demo dataset;FALSO;not available in demo dataset;not available in demo dataset;not available in demo dataset;not available in demo dataset;not available in demo dataset;not available in demo dataset;not available in demo dataset;not available in demo dataset;not available in demo dataset;desktop;6357877302254440000;Americas;Northern America;United States;not available in demo dataset;not available in demo dataset;not available in demo dataset;not available in demo dataset;verizon.net;not available in demo dataset;not available in demo dataset;not available in demo dataset;6357877302254443041_1509610211;Not Socially Engaged;1;94;63;;1;AW - Dynamic Search Ads Whole Site;google;cpc;6qEhsCssdK0z36ri;not available in demo dataset;FALSO;1509610211;1;1509610211
Direct;20170830;Chrome;not available in demo dataset;not available in demo dataset;Macintosh;not available in demo dataset;FALSO;not available in demo dataset;not available in demo dataset;not available in demo dataset;not available in demo dataset;not available in demo dataset;not available in demo dataset;not available in demo dataset;not available in demo dataset;not available in demo dataset;desktop;7498695963354640000;Americas;Northern America;United States;California;San Francisco-Oakland-San Jose CA;Mountain View;not available in demo dataset;(not set);not available in demo dataset;not available in demo dataset;not available in demo dataset;7498695963354635199_1504137606;Not Socially Engaged;1;94;62;;0;(not set);(direct);(none);(not provided);not available in demo dataset;VERDADERO;1504137606;123;1504137606